Unnamed: 0,PassengerId,Survived,Sex,Age,Fare,Pclass_1,Pclass_2,Pclass_3,Family_size,Title_1,Title_2,Title_3,Title_4,Emb_1,Emb_2,Emb_3
0,1,0,1,0.275,0.014151057562208,0,0,1,0.1,1,0,0,0,0,0,1
1,2,1,0,0.475,0.1391357353826406,1,0,0,0.1,1,0,0,0,1,0,0
2,3,1,0,0.325,0.0154685698179998,0,0,1,0.0,0,0,0,1,0,0,1
3,4,1,0,0.4375,0.1036442974556203,1,0,0,0.1,1,0,0,0,0,0,1
4,5,0,1,0.4375,0.0157125535690723,0,0,1,0.0,1,0,0,0,0,0,1
5,6,0,1,0.35,0.0165095020935757,0,0,1,0.0,1,0,0,0,0,1,0
6,7,0,1,0.675,0.101228858320002,1,0,0,0.0,1,0,0,0,0,0,1
7,8,0,1,0.025,0.0411356604308323,0,0,1,0.4,0,0,1,0,0,0,1
8,9,1,0,0.3375,0.0217307543665283,0,0,1,0.2,1,0,0,0,0,0,1
9,10,1,0,0.175,0.0586942926540201,0,1,0,0.1,1,0,0,0,1,0,0
10,11,1,0,0.05,0.032596229143293,0,0,1,0.2,0,0,0,1,0,0,1
11,12,1,0,0.725,0.0518221487278101,1,0,0,0.0,0,0,0,1,0,0,1
12,13,0,1,0.25,0.0157125535690723,0,0,1,0.0,1,0,0,0,0,0,1
13,14,0,1,0.4875,0.0610447345183526,0,0,1,0.6,1,0,0,0,0,0,1
14,15,0,0,0.175,0.0153303774213923,0,0,1,0.0,0,0,0,1,0,0,1
15,16,1,0,0.6875,0.0312299201372867,0,1,0,0.0,1,0,0,0,0,0,1
16,17,0,1,0.025,0.0568482139999047,0,0,1,0.5,0,0,1,0,0,1,0
17,18,1,1,0.35,0.0253743101115454,0,1,0,0.0,1,0,0,0,0,0,1
18,19,0,0,0.3875,0.0351336601544475,0,0,1,0.1,1,0,0,0,0,0,1
19,20,1,0,0.35,0.0141022608119935,0,0,1,0.0,1,0,0,0,1,0,0
20,21,0,1,0.4375,0.0507486202230909,0,1,0,0.0,1,0,0,0,0,0,1
21,22,1,1,0.425,0.0253743101115454,0,1,0,0.0,1,0,0,0,0,0,1
22,23,1,0,0.1875,0.0156719546728939,0,0,1,0.0,0,0,0,1,0,1,0
23,24,1,1,0.35,0.0692913853046049,1,0,0,0.0,1,0,0,0,0,0,1
24,25,0,0,0.1,0.0411356604308323,0,0,1,0.4,0,0,0,1,0,0,1
25,26,1,0,0.475,0.0612643198943179,0,0,1,0.6,1,0,0,0,0,0,1
26,27,0,1,0.35,0.0141022608119935,0,0,1,0.0,1,0,0,0,1,0,0
27,28,0,1,0.2375,0.5133418122566505,1,0,0,0.5,1,0,0,0,0,0,1
28,29,1,0,0.35,0.0153791741716068,0,0,1,0.0,0,0,0,1,0,1,0
29,30,0,1,0.35,0.0154115752137492,0,0,1,0.0,1,0,0,0,0,0,1
30,31,0,1,0.5,0.0541073981338561,1,0,0,0.0,1,0,0,0,1,0,0
31,32,1,0,0.35,0.2859895551532101,1,0,0,0.1,1,0,0,0,1,0,0
32,33,1,0,0.35,0.0151269925664982,0,0,1,0.0,0,0,0,1,0,1,0
33,34,0,1,0.825,0.0204946350900944,0,1,0,0.0,1,0,0,0,0,0,1
34,35,0,1,0.35,0.16038672010106,1,0,0,0.1,1,0,0,0,1,0,0
35,36,0,1,0.525,0.1014972404461818,1,0,0,0.1,1,0,0,0,0,0,1
36,37,1,1,0.35,0.0141104586660295,0,0,1,0.0,1,0,0,0,1,0,0
37,38,0,1,0.2625,0.0157125535690723,0,0,1,0.0,1,0,0,0,0,0,1
38,39,0,0,0.225,0.0351336601544475,0,0,1,0.2,0,0,0,1,0,0,1
39,40,1,0,0.175,0.0219423370754585,0,0,1,0.1,0,0,0,1,1,0,0
40,41,0,0,0.5,0.0184939683312994,0,0,1,0.1,1,0,0,0,0,0,1
41,42,0,0,0.3375,0.0409892701801888,0,1,0,0.1,1,0,0,0,0,0,1
42,43,0,1,0.35,0.0154115752137492,0,0,1,0.0,1,0,0,0,1,0,0
43,44,1,0,0.0375,0.081157193460767,0,1,0,0.3,0,0,0,1,1,0,0
44,45,1,0,0.2375,0.0153791741716068,0,0,1,0.0,0,0,0,1,0,1,0
45,46,0,1,0.35,0.0157125535690723,0,0,1,0.0,1,0,0,0,0,0,1
46,47,0,1,0.35,0.0302539851329965,0,0,1,0.1,1,0,0,0,0,1,0
47,48,1,0,0.35,0.0151269925664982,0,0,1,0.0,0,0,0,1,0,1,0
48,49,0,1,0.35,0.0423149802900166,0,0,1,0.2,1,0,0,0,1,0,0
49,50,0,0,0.225,0.0347432861527314,0,0,1,0.1,1,0,0,0,0,0,1
50,51,0,1,0.0875,0.0774648409655354,0,0,1,0.5,0,0,1,0,0,0,1
51,52,0,1,0.2625,0.0152245860669272,0,0,1,0.0,1,0,0,0,0,0,1
52,53,1,0,0.6125,0.1497654242623688,1,0,0,0.1,1,0,0,0,1,0,0
53,54,1,0,0.3625,0.0507486202230909,0,1,0,0.1,1,0,0,0,0,0,1
54,55,0,1,0.8125,0.1209753416358076,1,0,0,0.1,1,0,0,0,1,0,0
55,56,1,1,0.35,0.0692913853046049,1,0,0,0.0,1,0,0,0,0,0,1
56,57,1,0,0.2625,0.0204946350900944,0,1,0,0.0,0,0,0,1,0,0,1
57,58,0,1,0.35625,0.0141104586660295,0,0,1,0.0,1,0,0,0,1,0,0
58,59,1,0,0.0625,0.0541643927381066,0,1,0,0.3,0,0,0,1,0,0,1
59,60,0,1,0.1375,0.0915427034024217,0,0,1,0.7,0,0,1,0,0,0,1
60,61,0,1,0.275,0.0141104586660295,0,0,1,0.0,1,0,0,0,1,0,0
61,62,1,0,0.475,0.1561496006864336,1,0,0,0.0,0,0,0,1,0,0,0
62,63,0,1,0.5625,0.1629323489662505,1,0,0,0.1,1,0,0,0,0,0,1
63,64,0,1,0.05,0.0544571732393937,0,0,1,0.5,0,0,1,0,0,0,1
64,65,0,1,0.35,0.0541073981338561,1,0,0,0.0,1,0,0,0,1,0,0
65,66,1,1,0.35,0.0297578197768153,0,0,1,0.2,0,0,1,0,1,0,0
66,67,1,0,0.3625,0.0204946350900944,0,1,0,0.0,1,0,0,0,0,0,1
67,68,0,1,0.2375,0.0159239410910016,0,0,1,0.0,1,0,0,0,0,0,1
68,69,1,0,0.2125,0.0154685698179998,0,0,1,0.6,0,0,0,1,0,0,1
69,70,0,1,0.325,0.0169080739493278,0,0,1,0.2,1,0,0,0,0,0,1
70,71,0,1,0.4,0.0204946350900944,0,1,0,0.0,1,0,0,0,0,0,1
71,72,0,0,0.2,0.0915427034024217,0,0,1,0.7,0,0,0,1,0,0,1
72,73,0,1,0.2625,0.1434624456306609,0,1,0,0.0,1,0,0,0,0,0,1
73,74,0,1,0.325,0.0282127194780231,0,0,1,0.1,1,0,0,0,1,0,0
74,75,1,1,0.4,0.1102724576307577,0,0,1,0.0,1,0,0,0,0,0,1
75,76,0,1,0.3125,0.0149318055656402,0,0,1,0.0,1,0,0,0,0,0,1
76,77,0,1,0.35,0.0154115752137492,0,0,1,0.0,1,0,0,0,0,0,1
77,78,0,1,0.35,0.0157125535690723,0,0,1,0.0,1,0,0,0,0,0,1
78,79,1,1,0.0103749999999999,0.0566042302488321,0,1,0,0.2,0,0,1,0,0,0,1
79,80,1,0,0.375,0.0243495783570407,0,0,1,0.0,0,0,0,1,0,0,1
80,81,0,1,0.275,0.0175668300772237,0,0,1,0.0,1,0,0,0,0,0,1
81,82,1,1,0.3625,0.0185427650815139,0,0,1,0.0,1,0,0,0,0,0,1
82,83,1,0,0.35,0.01520018769182,0,0,1,0.0,0,0,0,1,0,1,0
83,84,0,1,0.35,0.0919330774041378,1,0,0,0.0,1,0,0,0,0,0,1
84,85,1,0,0.2125,0.0204946350900944,0,1,0,0.0,0,0,0,1,0,0,1
85,86,1,0,0.4125,0.0309371396359996,0,0,1,0.3,1,0,0,0,0,0,1
86,87,0,1,0.2,0.0670955315449519,0,0,1,0.4,1,0,0,0,0,0,1
87,88,0,1,0.35,0.0157125535690723,0,0,1,0.0,1,0,0,0,0,0,1
88,89,1,0,0.2875,0.5133418122566505,1,0,0,0.5,0,0,0,1,0,0,1
89,90,0,1,0.3,0.0157125535690723,0,0,1,0.0,1,0,0,0,0,0,1
90,91,0,1,0.3625,0.0157125535690723,0,0,1,0.0,1,0,0,0,0,0,1
91,92,0,1,0.25,0.0153303774213923,0,0,1,0.0,1,0,0,0,0,0,1
92,93,0,1,0.575,0.1194056477749072,1,0,0,0.1,1,0,0,0,0,0,1
93,94,0,1,0.325,0.0401597254265421,0,0,1,0.3,1,0,0,0,0,0,1
94,95,0,1,0.7375,0.014151057562208,0,0,1,0.0,1,0,0,0,0,0,1
95,96,0,1,0.35,0.0157125535690723,0,0,1,0.0,1,0,0,0,0,0,1
96,97,0,1,0.8875,0.0676404936513476,1,0,0,0.0,1,0,0,0,1,0,0
97,98,1,1,0.2875,0.1236671655646408,1,0,0,0.1,1,0,0,0,1,0,0
98,99,1,0,0.425,0.0448930101973496,0,1,0,0.1,1,0,0,0,0,0,1
99,100,0,1,0.425,0.0507486202230909,0,1,0,0.1,1,0,0,0,0,0,1
100,101,0,0,0.35,0.0154115752137492,0,0,1,0.0,0,0,0,1,0,0,1
101,102,0,1,0.35,0.0154115752137492,0,0,1,0.0,1,0,0,0,0,0,1
102,103,0,1,0.2625,0.1508551532881592,1,0,0,0.1,1,0,0,0,0,0,1
103,104,0,1,0.4125,0.0168918734282566,0,0,1,0.0,1,0,0,0,0,0,1
104,105,0,1,0.4625,0.0154685698179998,0,0,1,0.2,1,0,0,0,0,0,1
105,106,0,1,0.35,0.0154115752137492,0,0,1,0.0,1,0,0,0,0,0,1
106,107,1,0,0.2625,0.0149318055656402,0,0,1,0.0,0,0,0,1,0,0,1
107,108,1,1,0.35,0.0151757893167127,0,0,1,0.0,1,0,0,0,0,0,1
108,109,0,1,0.475,0.0154115752137492,0,0,1,0.0,1,0,0,0,0,0,1
109,110,1,0,0.35,0.0471376607072171,0,0,1,0.1,0,0,0,1,0,1,0
110,111,0,1,0.5875,0.1014972404461818,1,0,0,0.0,1,0,0,0,0,0,1
111,112,0,0,0.18125,0.0282127194780231,0,0,1,0.1,0,0,0,1,1,0,0
112,113,0,1,0.275,0.0157125535690723,0,0,1,0.0,1,0,0,0,0,0,1
113,114,0,0,0.25,0.0191771228343026,0,0,1,0.1,0,0,0,1,0,0,1
114,115,0,0,0.2125,0.0282207221450582,0,0,1,0.0,0,0,0,1,1,0,0
115,116,0,1,0.2625,0.0154685698179998,0,0,1,0.0,1,0,0,0,0,0,1
116,117,0,1,0.88125,0.0151269925664982,0,0,1,0.0,1,0,0,0,0,1,0
117,118,0,1,0.3625,0.0409892701801888,0,1,0,0.1,1,0,0,0,0,0,1
118,119,0,1,0.3,0.4831284260198326,1,0,0,0.1,1,0,0,0,1,0,0
119,120,0,0,0.025,0.0610447345183526,0,0,1,0.6,0,0,0,1,0,0,1
120,121,0,1,0.2625,0.1434624456306609,0,1,0,0.2,1,0,0,0,0,0,1
121,122,0,1,0.35,0.0157125535690723,0,0,1,0.0,1,0,0,0,0,0,1
122,123,0,1,0.40625,0.0586942926540201,0,1,0,0.1,1,0,0,0,1,0,0
123,124,1,0,0.40625,0.0253743101115454,0,1,0,0.0,0,0,0,1,0,0,1
124,125,0,1,0.675,0.1508551532881592,1,0,0,0.1,1,0,0,0,0,0,1
125,126,1,1,0.15,0.0219423370754585,0,0,1,0.1,0,0,1,0,1,0,0
126,127,0,1,0.35,0.0151269925664982,0,0,1,0.0,1,0,0,0,0,1,0
127,128,1,1,0.3,0.0139396700402787,0,0,1,0.0,1,0,0,0,0,0,1
128,129,1,0,0.35,0.0436404952128436,0,0,1,0.2,0,0,0,1,1,0,0
129,130,0,1,0.5625,0.0136142933098484,0,0,1,0.0,1,0,0,0,0,0,1
130,131,0,1,0.4125,0.0154115752137492,0,0,1,0.0,1,0,0,0,1,0,0
131,132,0,1,0.25,0.0137606835604919,0,0,1,0.0,1,0,0,0,0,0,1
132,133,0,0,0.5875,0.028302115124416,0,0,1,0.1,1,0,0,0,0,0,1
133,134,1,0,0.3625,0.0507486202230909,0,1,0,0.1,1,0,0,0,0,0,1
134,135,0,1,0.3125,0.0253743101115454,0,1,0,0.0,1,0,0,0,0,0,1
135,136,0,1,0.2875,0.0293674457750992,0,1,0,0.0,1,0,0,0,1,0,0
136,137,1,0,0.2375,0.0513015849965217,1,0,0,0.2,0,0,0,1,0,0,1
137,138,0,1,0.4625,0.1036442974556203,1,0,0,0.1,1,0,0,0,0,0,1
138,139,0,1,0.2,0.0179898003080831,0,0,1,0.0,1,0,0,0,0,0,1
139,140,0,1,0.3,0.1545881046795693,1,0,0,0.0,1,0,0,0,1,0,0
140,141,0,0,0.35,0.0297578197768153,0,0,1,0.2,1,0,0,0,1,0,0
141,142,1,0,0.275,0.0151269925664982,0,0,1,0.0,0,0,0,1,0,0,1
142,143,1,0,0.3,0.0309371396359996,0,0,1,0.1,1,0,0,0,0,0,1
143,144,0,1,0.2375,0.0131751225579178,0,0,1,0.0,1,0,0,0,0,1,0
144,145,0,1,0.225,0.0224465050986748,0,1,0,0.0,1,0,0,0,0,0,1
145,146,0,1,0.2375,0.0717312228153304,0,1,0,0.2,1,0,0,0,0,0,1
146,147,1,1,0.3375,0.0152163882128912,0,0,1,0.0,1,0,0,0,0,0,1
147,148,0,0,0.1125,0.0670955315449519,0,0,1,0.4,0,0,0,1,0,0,1
148,149,0,1,0.45625,0.0507486202230909,0,1,0,0.2,1,0,0,0,0,0,1
149,150,0,1,0.525,0.0253743101115454,0,1,0,0.0,1,0,0,0,0,0,1
150,151,0,1,0.6375,0.0244471718574697,0,1,0,0.0,1,0,0,0,0,0,1
151,152,1,0,0.275,0.1299945425714559,1,0,0,0.1,1,0,0,0,0,0,1
152,153,0,1,0.69375,0.0157125535690723,0,0,1,0.0,1,0,0,0,0,0,1
153,154,0,1,0.50625,0.028302115124416,0,0,1,0.2,1,0,0,0,0,0,1
154,155,0,1,0.35,0.0142730494377443,0,0,1,0.0,1,0,0,0,0,0,1
155,156,0,1,0.6375,0.1198042196306593,1,0,0,0.1,1,0,0,0,1,0,0
156,157,1,0,0.2,0.0150943963373549,0,0,1,0.0,0,0,0,1,0,1,0
157,158,0,1,0.375,0.0157125535690723,0,0,1,0.0,1,0,0,0,0,0,1
158,159,0,1,0.35,0.0169080739493278,0,0,1,0.0,1,0,0,0,0,0,1
159,160,0,1,0.35,0.1357525590967682,0,0,1,1.0,0,0,1,0,0,0,1
160,161,0,1,0.55,0.0314251071381447,0,0,1,0.1,1,0,0,0,0,0,1
161,162,1,0,0.5,0.0307419526351416,0,1,0,0.0,1,0,0,0,0,0,1
162,163,0,1,0.325,0.0151757893167127,0,0,1,0.0,1,0,0,0,0,0,1
163,164,0,1,0.2125,0.0169080739493278,0,0,1,0.0,1,0,0,0,0,0,1
164,165,0,1,0.0125,0.0774648409655354,0,0,1,0.5,0,0,1,0,0,0,1
165,166,1,1,0.1125,0.0400621319261131,0,0,1,0.2,0,0,1,0,0,0,1
166,167,1,0,0.35,0.1073528504719231,1,0,0,0.1,1,0,0,0,0,0,1
167,168,0,0,0.5625,0.0544571732393937,0,0,1,0.5,1,0,0,0,0,0,1
168,169,0,1,0.35,0.0506022299724474,1,0,0,0.0,1,0,0,0,0,0,1
169,170,0,1,0.35,0.1102724576307577,0,0,1,0.0,1,0,0,0,0,0,1
170,171,0,1,0.7625,0.065387645287444,1,0,0,0.0,1,0,0,0,0,0,1
171,172,0,1,0.05,0.0568482139999047,0,0,1,0.5,0,0,1,0,0,1,0
172,173,1,0,0.0125,0.0217307543665283,0,0,1,0.2,0,0,0,1,0,0,1
173,174,0,1,0.2625,0.0154685698179998,0,0,1,0.0,1,0,0,0,0,0,1
174,175,0,1,0.7,0.0599142114093828,1,0,0,0.0,1,0,0,0,1,0,0
175,176,0,1,0.225,0.0153303774213923,0,0,1,0.2,1,0,0,0,0,0,1
176,177,0,1,0.35,0.0497076879475149,0,0,1,0.4,0,0,1,0,0,0,1
177,178,0,0,0.625,0.0560430676213653,1,0,0,0.0,0,0,0,1,1,0,0
178,179,0,1,0.375,0.0253743101115454,0,1,0,0.0,1,0,0,0,0,0,1
179,180,0,1,0.45,0.0,0,0,1,0.0,1,0,0,0,0,0,1
180,181,0,0,0.35,0.1357525590967682,0,0,1,1.0,0,0,0,1,0,0,1
181,182,0,1,0.35,0.0293756436291353,0,1,0,0.0,1,0,0,0,1,0,0
182,183,0,1,0.1125,0.0612643198943179,0,0,1,0.6,0,0,1,0,0,0,1
183,184,1,1,0.0125,0.0761229303346364,0,1,0,0.3,0,0,1,0,0,0,1
184,185,1,0,0.05,0.0429899369389837,0,0,1,0.2,0,0,0,1,0,0,1
185,186,0,1,0.35,0.097593500429021,1,0,0,0.0,1,0,0,0,0,0,1
186,187,1,0,0.35,0.0302539851329965,0,0,1,0.1,1,0,0,0,0,1,0
187,188,1,1,0.5625,0.0518221487278101,1,0,0,0.0,1,0,0,0,0,0,1
188,189,0,1,0.5,0.0302539851329965,0,0,1,0.2,1,0,0,0,0,1,0
189,190,0,1,0.45,0.0154115752137492,0,0,1,0.0,1,0,0,0,0,0,1
190,191,1,0,0.4,0.0253743101115454,0,1,0,0.0,1,0,0,0,0,0,1
191,192,0,1,0.2375,0.0253743101115454,0,1,0,0.0,1,0,0,0,0,0,1
192,193,1,0,0.2375,0.0153303774213923,0,0,1,0.1,0,0,0,1,0,0,1
193,194,1,1,0.0375,0.0507486202230909,0,1,0,0.2,0,0,1,0,0,0,1
194,195,1,0,0.55,0.0541073981338561,1,0,0,0.0,1,0,0,0,1,0,0
195,196,1,0,0.725,0.2859895551532101,1,0,0,0.0,0,0,0,1,1,0,0
196,197,0,1,0.35,0.0151269925664982,0,0,1,0.0,1,0,0,0,0,1,0
197,198,0,1,0.525,0.0164039059261115,0,0,1,0.1,1,0,0,0,0,0,1
198,199,1,0,0.35,0.0151269925664982,0,0,1,0.0,0,0,0,1,0,1,0
199,200,0,0,0.3,0.0253743101115454,0,1,0,0.0,1,0,0,0,0,0,1
200,201,0,1,0.35,0.0185427650815139,0,0,1,0.0,1,0,0,0,0,0,1
201,202,0,1,0.35,0.1357525590967682,0,0,1,1.0,1,0,0,0,0,0,1
202,203,0,1,0.425,0.0126789572017366,0,0,1,0.0,1,0,0,0,0,0,1
203,204,0,1,0.56875,0.0141022608119935,0,0,1,0.0,1,0,0,0,1,0,0
204,205,1,1,0.225,0.0157125535690723,0,0,1,0.0,1,0,0,0,0,0,1
205,206,0,0,0.025,0.0204214399647726,0,0,1,0.1,0,0,0,1,0,0,1
206,207,0,1,0.4,0.0309371396359996,0,0,1,0.1,1,0,0,0,0,0,1
207,208,1,1,0.325,0.0366707577862046,0,0,1,0.0,1,0,0,0,1,0,0
208,209,1,0,0.2,0.0151269925664982,0,0,1,0.0,0,0,0,1,0,1,0
209,210,1,1,0.5,0.060507970265993,1,0,0,0.0,1,0,0,0,1,0,0
210,211,0,1,0.3,0.0137606835604919,0,0,1,0.0,1,0,0,0,0,0,1
211,212,1,0,0.4375,0.0409892701801888,0,1,0,0.0,0,0,0,1,0,0,1
212,213,0,1,0.275,0.014151057562208,0,0,1,0.0,1,0,0,0,0,0,1
213,214,0,1,0.375,0.0253743101115454,0,1,0,0.0,1,0,0,0,0,0,1
214,215,0,1,0.35,0.0151269925664982,0,0,1,0.1,1,0,0,0,0,1,0
215,216,1,0,0.3875,0.2210980752219471,1,0,0,0.1,0,0,0,1,1,0,0
216,217,1,0,0.3375,0.0154685698179998,0,0,1,0.0,0,0,0,1,0,0,1
217,218,0,1,0.525,0.0527004902316713,0,1,0,0.1,1,0,0,0,0,0,1
218,219,1,0,0.4,0.1489114811336148,1,0,0,0.0,0,0,0,1,1,0,0
219,220,0,1,0.375,0.0204946350900944,0,1,0,0.0,1,0,0,0,0,0,1
220,221,1,1,0.2,0.0157125535690723,0,0,1,0.0,1,0,0,0,0,0,1
221,222,0,1,0.3375,0.0253743101115454,0,1,0,0.0,1,0,0,0,0,0,1
222,223,0,1,0.6375,0.0157125535690723,0,0,1,0.0,1,0,0,0,0,0,1
223,224,0,1,0.35,0.0154115752137492,0,0,1,0.0,1,0,0,0,0,0,1
224,225,1,1,0.475,0.1756683007722378,1,0,0,0.1,1,0,0,0,0,0,1
225,226,0,1,0.275,0.0182499845802269,0,0,1,0.0,1,0,0,0,0,0,1
226,227,1,1,0.2375,0.0204946350900944,0,1,0,0.0,1,0,0,0,0,0,1
227,228,0,1,0.25625,0.014151057562208,0,0,1,0.0,1,0,0,0,0,0,1
228,229,0,1,0.225,0.0253743101115454,0,1,0,0.0,1,0,0,0,0,0,1
229,230,0,0,0.35,0.0497076879475149,0,0,1,0.4,0,0,0,1,0,0,1
230,231,1,0,0.4375,0.1629323489662505,1,0,0,0.1,1,0,0,0,0,0,1
231,232,0,1,0.3625,0.0151757893167127,0,0,1,0.0,1,0,0,0,0,0,1
232,233,0,1,0.7375,0.0263502451158356,0,1,0,0.0,1,0,0,0,0,0,1
233,234,1,0,0.0625,0.0612643198943179,0,0,1,0.6,0,0,0,1,0,0,1
234,235,0,1,0.3,0.0204946350900944,0,1,0,0.0,1,0,0,0,0,0,1
235,236,0,0,0.35,0.0147366185647821,0,0,1,0.0,0,0,0,1,0,0,1
236,237,0,1,0.55,0.0507486202230909,0,1,0,0.1,1,0,0,0,0,0,1
237,238,1,0,0.1,0.051236587725236,0,1,0,0.2,0,0,0,1,0,0,1
238,239,0,1,0.2375,0.0204946350900944,0,1,0,0.0,1,0,0,0,0,0,1
239,240,0,1,0.4125,0.0239592043553246,0,1,0,0.0,1,0,0,0,0,0,1
240,241,0,0,0.35,0.0282127194780231,0,0,1,0.1,0,0,0,1,1,0,0
241,242,1,0,0.35,0.0302539851329965,0,0,1,0.1,0,0,0,1,0,1,0
242,243,0,1,0.3625,0.0204946350900944,0,1,0,0.0,1,0,0,0,0,0,1
243,244,0,1,0.275,0.0139070738111354,0,0,1,0.0,1,0,0,0,0,0,1
244,245,0,1,0.375,0.0141022608119935,0,0,1,0.0,1,0,0,0,1,0,0
245,246,0,1,0.55,0.1756683007722378,1,0,0,0.2,1,0,0,0,0,1,0
246,247,0,0,0.3125,0.0151757893167127,0,0,1,0.0,0,0,0,1,0,0,1
247,248,1,0,0.3,0.028302115124416,0,1,0,0.2,1,0,0,0,0,0,1
248,249,1,1,0.4625,0.1025789668049371,1,0,0,0.2,1,0,0,0,0,0,1
249,250,0,1,0.675,0.0507486202230909,0,1,0,0.1,1,0,0,0,0,0,1
250,251,0,1,0.35,0.014151057562208,0,0,1,0.0,1,0,0,0,0,0,1
251,252,0,0,0.3625,0.0204214399647726,0,0,1,0.2,1,0,0,0,0,0,1
252,253,0,1,0.775,0.0518221487278101,1,0,0,0.0,1,0,0,0,0,0,1
253,254,0,1,0.375,0.0314251071381447,0,0,1,0.1,1,0,0,0,0,0,1
254,255,0,0,0.5125,0.0394521725484317,0,0,1,0.2,1,0,0,0,0,0,1
255,256,1,0,0.3625,0.0297578197768153,0,0,1,0.2,1,0,0,0,1,0,0
256,257,1,0,0.35,0.1545881046795693,1,0,0,0.0,1,0,0,0,1,0,0
257,258,1,0,0.375,0.1688367557422063,1,0,0,0.0,0,0,0,1,0,0,1
258,259,1,0,0.4375,1.0,1,0,0,0.0,0,0,0,1,1,0,0
259,260,1,0,0.625,0.0507486202230909,0,1,0,0.1,1,0,0,0,0,0,1
260,261,0,1,0.35,0.0151269925664982,0,0,1,0.0,1,0,0,0,0,1,0
261,262,1,1,0.0375,0.0612643198943179,0,0,1,0.6,0,0,1,0,0,0,1
262,263,0,1,0.65,0.1554664461834305,1,0,0,0.2,1,0,0,0,0,0,1
263,264,0,1,0.5,0.0,1,0,0,0.0,1,0,0,0,0,0,1
264,265,0,0,0.35,0.0151269925664982,0,0,1,0.0,0,0,0,1,0,1,0
265,266,0,1,0.45,0.0204946350900944,0,1,0,0.0,1,0,0,0,0,0,1
266,267,0,1,0.2,0.0774648409655354,0,0,1,0.5,1,0,0,0,0,0,1
267,268,1,1,0.3125,0.0151757893167127,0,0,1,0.1,1,0,0,0,0,0,1
268,269,1,0,0.725,0.2995388511917728,1,0,0,0.1,1,0,0,0,0,0,1
269,270,1,0,0.4375,0.2647385704347907,1,0,0,0.0,0,0,0,1,0,0,1
270,271,0,1,0.35,0.060507970265993,1,0,0,0.0,1,0,0,0,0,0,1
271,272,1,1,0.3125,0.0,0,0,1,0.0,1,0,0,0,0,0,1
272,273,1,0,0.5125,0.0380614651673182,0,1,0,0.1,1,0,0,0,0,0,1
273,274,0,1,0.4625,0.0579705392548384,1,0,0,0.1,1,0,0,0,1,0,0
274,275,1,0,0.35,0.0151269925664982,0,0,1,0.0,0,0,0,1,0,1,0
275,276,1,0,0.7875,0.1521644676899149,1,0,0,0.1,0,0,0,1,0,0,1
276,277,0,0,0.5625,0.0151269925664982,0,0,1,0.0,0,0,0,1,0,0,1
277,278,0,1,0.35,0.0,0,1,0,0.0,1,0,0,0,0,0,1
278,279,0,1,0.0875,0.0568482139999047,0,0,1,0.5,0,0,1,0,0,1,0
279,280,1,0,0.4375,0.0395253676737535,0,0,1,0.2,1,0,0,0,0,0,1
280,281,0,1,0.8125,0.0151269925664982,0,0,1,0.0,1,0,0,0,0,1,0
281,282,0,1,0.35,0.0153303774213923,0,0,1,0.0,1,0,0,0,0,0,1
282,283,0,1,0.2,0.0185427650815139,0,0,1,0.0,1,0,0,0,0,0,1
283,284,1,1,0.2375,0.0157125535690723,0,0,1,0.0,1,0,0,0,0,0,1
284,285,0,1,0.35,0.0507486202230909,1,0,0,0.0,1,0,0,0,0,0,1
285,286,0,1,0.4125,0.0169080739493278,0,0,1,0.0,1,0,0,0,1,0,0
286,287,1,1,0.375,0.0185427650815139,0,0,1,0.0,1,0,0,0,0,0,1
287,288,0,1,0.275,0.0154115752137492,0,0,1,0.0,1,0,0,0,0,0,1
288,289,1,1,0.525,0.0253743101115454,0,1,0,0.0,1,0,0,0,0,0,1
289,290,1,0,0.275,0.0151269925664982,0,0,1,0.0,0,0,0,1,0,1,0
290,291,1,0,0.325,0.1539049501765661,1,0,0,0.0,0,0,0,1,0,0,1
291,292,1,0,0.2375,0.1777747588854978,1,0,0,0.1,1,0,0,0,1,0,0
292,293,0,1,0.45,0.0251303263604729,0,1,0,0.0,1,0,0,0,1,0,0
293,294,0,0,0.3,0.0172740495759367,0,0,1,0.0,0,0,0,1,0,0,1
294,295,0,1,0.3,0.0154115752137492,0,0,1,0.0,1,0,0,0,0,0,1
295,296,0,1,0.35,0.0541073981338561,1,0,0,0.0,1,0,0,0,1,0,0
296,297,0,1,0.29375,0.0141104586660295,0,0,1,0.0,1,0,0,0,1,0,0
297,298,0,0,0.025,0.2958058998003627,1,0,0,0.3,0,0,0,1,0,0,1
298,299,1,1,0.35,0.0595320352617028,1,0,0,0.0,1,0,0,0,0,0,1
299,300,1,0,0.625,0.4831284260198326,1,0,0,0.1,1,0,0,0,1,0,0
300,301,1,0,0.35,0.0151269925664982,0,0,1,0.0,0,0,0,1,0,1,0
301,302,1,1,0.35,0.0453809776994947,0,0,1,0.2,1,0,0,0,0,1,0
302,303,0,1,0.2375,0.0,0,0,1,0.0,1,0,0,0,0,0,1
303,304,1,0,0.35,0.0241055946059681,0,1,0,0.0,0,0,0,1,0,1,0
304,305,0,1,0.35,0.0157125535690723,0,0,1,0.0,1,0,0,0,0,0,1
305,306,1,1,0.0115,0.2958058998003627,1,0,0,0.3,0,0,1,0,0,0,1
306,307,1,0,0.35,0.2164297877224253,1,0,0,0.0,0,0,0,1,1,0,0
307,308,1,0,0.2125,0.2125586439344078,1,0,0,0.1,1,0,0,0,1,0,0
308,309,0,1,0.375,0.04684488020593,0,1,0,0.1,1,0,0,0,1,0,0
309,310,1,0,0.375,0.1111183980924764,1,0,0,0.0,0,0,0,1,1,0,0
310,311,1,0,0.3,0.1623141917345331,1,0,0,0.0,0,0,0,1,1,0,0
311,312,1,0,0.225,0.5121218935012878,1,0,0,0.4,0,0,0,1,1,0,0
312,313,0,0,0.325,0.0507486202230909,0,1,0,0.2,1,0,0,0,0,0,1
313,314,0,1,0.35,0.0154115752137492,0,0,1,0.0,1,0,0,0,0,0,1
314,315,0,1,0.5375,0.051236587725236,0,1,0,0.2,1,0,0,0,0,0,1
315,316,1,0,0.325,0.0153303774213923,0,0,1,0.0,0,0,0,1,0,0,1
316,317,1,0,0.3,0.0507486202230909,0,1,0,0.1,1,0,0,0,0,0,1
317,318,0,1,0.675,0.0273261801201258,0,1,0,0.0,1,0,0,0,0,0,1
318,319,1,0,0.3875,0.3217983671436256,1,0,0,0.2,0,0,0,1,0,0,1
319,320,1,0,0.5,0.2625265161540666,1,0,0,0.2,1,0,0,0,1,0,0
320,321,0,1,0.275,0.014151057562208,0,0,1,0.0,1,0,0,0,0,0,1
321,322,0,1,0.3375,0.0154115752137492,0,0,1,0.0,1,0,0,0,0,0,1
322,323,1,0,0.375,0.0241055946059681,0,1,0,0.0,0,0,0,1,0,1,0
323,324,1,0,0.275,0.0566042302488321,0,1,0,0.2,1,0,0,0,0,0,1
324,325,0,1,0.35,0.1357525590967682,0,0,1,1.0,1,0,0,0,0,0,1
325,326,1,0,0.45,0.2647385704347907,1,0,0,0.0,0,0,0,1,1,0,0
326,327,0,1,0.7625,0.0121747891785203,0,0,1,0.0,1,0,0,0,0,0,1
327,328,1,0,0.45,0.0253743101115454,0,1,0,0.0,1,0,0,0,0,0,1
328,329,1,0,0.3875,0.0400621319261131,0,0,1,0.2,1,0,0,0,0,0,1
329,330,1,0,0.2,0.1131678616014859,1,0,0,0.1,0,0,0,1,1,0,0
330,331,1,0,0.35,0.0453809776994947,0,0,1,0.2,0,0,0,1,0,1,0
331,332,0,1,0.56875,0.0556282952445419,1,0,0,0.0,1,0,0,0,0,0,1
332,333,0,1,0.475,0.2995388511917728,1,0,0,0.1,1,0,0,0,0,0,1
333,334,0,1,0.2,0.0351336601544475,0,0,1,0.2,1,0,0,0,0,0,1
334,335,1,0,0.35,0.2608674266467732,1,0,0,0.1,1,0,0,0,0,0,1
335,336,0,1,0.35,0.0154115752137492,0,0,1,0.0,1,0,0,0,0,0,1
336,337,0,1,0.3625,0.1299945425714559,1,0,0,0.1,1,0,0,0,0,0,1
337,338,1,0,0.5125,0.2625265161540666,1,0,0,0.0,0,0,0,1,1,0,0
338,339,1,1,0.5625,0.0157125535690723,0,0,1,0.0,1,0,0,0,0,0,1
339,340,0,1,0.5625,0.0692913853046049,1,0,0,0.0,1,0,0,0,0,0,1
340,341,1,1,0.025,0.0507486202230909,0,1,0,0.2,0,0,1,0,0,0,1
341,342,1,0,0.3,0.5133418122566505,1,0,0,0.5,0,0,0,1,0,0,1
342,343,0,1,0.35,0.0253743101115454,0,1,0,0.0,1,0,0,0,0,0,1
343,344,0,1,0.3125,0.0253743101115454,0,1,0,0.0,1,0,0,0,0,0,1
344,345,0,1,0.45,0.0253743101115454,0,1,0,0.0,1,0,0,0,0,0,1
345,346,1,0,0.3,0.0253743101115454,0,1,0,0.0,0,0,0,1,0,0,1
346,347,1,0,0.5,0.0253743101115454,0,1,0,0.0,0,0,0,1,0,0,1
347,348,1,0,0.35,0.0314251071381447,0,0,1,0.1,1,0,0,0,0,0,1
348,349,1,1,0.0375,0.0310347331364286,0,0,1,0.2,0,0,1,0,0,0,1
349,350,0,1,0.525,0.0169080739493278,0,0,1,0.0,1,0,0,0,0,0,1
350,351,0,1,0.2875,0.0180060008291543,0,0,1,0.0,1,0,0,0,0,0,1
351,352,0,1,0.35,0.0683154503003147,1,0,0,0.0,1,0,0,0,0,0,1
352,353,0,1,0.1875,0.0141104586660295,0,0,1,0.2,1,0,0,0,1,0,0
353,354,0,1,0.3125,0.0347432861527314,0,0,1,0.1,1,0,0,0,0,0,1
354,355,0,1,0.35,0.0141022608119935,0,0,1,0.0,1,0,0,0,1,0,0
355,356,0,1,0.35,0.0185427650815139,0,0,1,0.0,1,0,0,0,0,0,1
356,357,1,0,0.275,0.1073528504719231,1,0,0,0.1,0,0,0,1,0,0,1
357,358,0,0,0.475,0.0253743101115454,0,1,0,0.0,0,0,0,1,0,0,1
358,359,1,0,0.35,0.0153791741716068,0,0,1,0.0,0,0,0,1,0,1,0
359,360,1,0,0.35,0.0153791741716068,0,0,1,0.0,0,0,0,1,0,1,0
360,361,0,1,0.5,0.0544571732393937,0,0,1,0.5,1,0,0,0,0,0,1
361,362,0,1,0.3625,0.0541073981338561,0,1,0,0.1,1,0,0,0,1,0,0
362,363,0,0,0.5625,0.0282127194780231,0,0,1,0.1,1,0,0,0,1,0,0
363,364,0,1,0.4375,0.0137606835604919,0,0,1,0.0,1,0,0,0,0,0,1
364,365,0,1,0.35,0.0302539851329965,0,0,1,0.1,1,0,0,0,0,1,0
365,366,0,1,0.375,0.014151057562208,0,0,1,0.0,1,0,0,0,0,0,1
366,367,1,0,0.75,0.1468782181456766,1,0,0,0.1,1,0,0,0,1,0,0
367,368,1,0,0.35,0.0141104586660295,0,0,1,0.0,1,0,0,0,1,0,0
368,369,1,0,0.35,0.0151269925664982,0,0,1,0.0,0,0,0,1,0,1,0
369,370,1,0,0.3,0.1352645915946231,1,0,0,0.0,0,1,0,0,1,0,0
370,371,1,1,0.3125,0.1082149914547131,1,0,0,0.1,1,0,0,0,1,0,0
371,372,0,1,0.225,0.0126789572017366,0,0,1,0.1,1,0,0,0,0,0,1
372,373,0,1,0.2375,0.0157125535690723,0,0,1,0.0,1,0,0,0,0,0,1
373,374,0,1,0.275,0.2647385704347907,1,0,0,0.0,1,0,0,0,1,0,0
374,375,0,0,0.0375,0.0411356604308323,0,0,1,0.4,0,0,0,1,0,0,1
375,376,1,0,0.35,0.16038672010106,1,0,0,0.1,1,0,0,0,1,0,0
376,377,1,0,0.275,0.014151057562208,0,0,1,0.0,0,0,0,1,0,0,1
377,378,0,1,0.3375,0.4128205068147589,1,0,0,0.2,1,0,0,0,1,0,0
378,379,0,1,0.25,0.0078318784094289,0,0,1,0.0,1,0,0,0,1,0,0
379,380,0,1,0.2375,0.0151757893167127,0,0,1,0.0,1,0,0,0,0,0,1
380,381,1,0,0.525,0.4440992237022602,1,0,0,0.0,0,0,0,1,1,0,0
381,382,1,0,0.0125,0.0307257521140704,0,0,1,0.2,0,0,0,1,1,0,0
382,383,0,1,0.4,0.0154685698179998,0,0,1,0.0,1,0,0,0,0,0,1
383,384,1,0,0.4375,0.1014972404461818,1,0,0,0.1,1,0,0,0,0,0,1
384,385,0,1,0.35,0.0154115752137492,0,0,1,0.0,1,0,0,0,0,0,1
385,386,0,1,0.225,0.1434624456306609,0,1,0,0.0,1,0,0,0,0,0,1
386,387,0,1,0.0125,0.0915427034024217,0,0,1,0.7,0,0,1,0,0,0,1
387,388,1,0,0.45,0.0253743101115454,0,1,0,0.0,0,0,0,1,0,0,1
388,389,0,1,0.35,0.0150863936703197,0,0,1,0.0,1,0,0,0,0,1,0
389,390,1,0,0.2125,0.023422440102965,0,1,0,0.0,0,0,0,1,1,0,0
390,391,1,1,0.45,0.2342244010296504,1,0,0,0.3,1,0,0,0,0,0,1
391,392,1,1,0.2625,0.0152163882128912,0,0,1,0.0,1,0,0,0,0,0,1
392,393,0,1,0.35,0.0154685698179998,0,0,1,0.2,1,0,0,0,0,0,1
393,394,1,0,0.2875,0.2210980752219471,1,0,0,0.1,0,0,0,1,1,0,0
394,395,1,0,0.3,0.032596229143293,0,0,1,0.2,1,0,0,0,0,0,1
395,396,0,1,0.275,0.0152163882128912,0,0,1,0.0,1,0,0,0,0,0,1
396,397,0,0,0.3875,0.0153303774213923,0,0,1,0.0,0,0,0,1,0,0,1
397,398,0,1,0.575,0.0507486202230909,0,1,0,0.0,1,0,0,0,0,0,1
398,399,0,1,0.2875,0.0204946350900944,0,1,0,0.0,1,0,0,0,0,0,1
399,400,1,0,0.35,0.0246911556085423,0,1,0,0.0,1,0,0,0,0,0,1
400,401,1,1,0.4875,0.0154685698179998,0,0,1,0.0,1,0,0,0,0,0,1
401,402,0,1,0.325,0.0157125535690723,0,0,1,0.0,1,0,0,0,0,0,1
402,403,0,0,0.2625,0.0191771228343026,0,0,1,0.1,0,0,0,1,0,0,1
403,404,0,1,0.35,0.0309371396359996,0,0,1,0.1,1,0,0,0,0,0,1
404,405,0,0,0.25,0.0169080739493278,0,0,1,0.0,0,0,0,1,0,0,1
405,406,0,1,0.425,0.0409892701801888,0,1,0,0.1,1,0,0,0,0,0,1
406,407,0,1,0.6375,0.0151269925664982,0,0,1,0.0,1,0,0,0,0,0,1
407,408,1,1,0.0375,0.0365975626608828,0,1,0,0.2,0,0,1,0,0,0,1
408,409,0,1,0.2625,0.0151757893167127,0,0,1,0.0,1,0,0,0,0,0,1
409,410,0,0,0.35,0.0497076879475149,0,0,1,0.4,0,0,0,1,0,0,1
410,411,0,1,0.35,0.0154115752137492,0,0,1,0.0,1,0,0,0,0,0,1
411,412,0,1,0.35,0.013386510079847,0,0,1,0.0,1,0,0,0,0,1,0
412,413,1,0,0.4125,0.1756683007722378,1,0,0,0.1,0,0,0,1,0,1,0
413,414,0,1,0.35,0.0,0,1,0,0.0,1,0,0,0,0,0,1
414,415,1,1,0.55,0.0154685698179998,0,0,1,0.0,1,0,0,0,0,0,1
415,416,0,0,0.35,0.0157125535690723,0,0,1,0.0,1,0,0,0,0,0,1
416,417,1,0,0.425,0.0634357752788636,0,1,0,0.2,1,0,0,0,0,0,1
417,418,1,0,0.225,0.0253743101115454,0,1,0,0.2,0,0,0,1,0,0,1
418,419,0,1,0.375,0.0253743101115454,0,1,0,0.0,1,0,0,0,0,0,1
419,420,0,0,0.125,0.0471376607072171,0,0,1,0.2,0,0,0,1,0,0,1
420,421,0,1,0.35,0.0154115752137492,0,0,1,0.0,1,0,0,0,1,0,0
421,422,0,1,0.2625,0.0150943963373549,0,0,1,0.0,1,0,0,0,0,1,0
422,423,0,1,0.3625,0.0153709763175708,0,0,1,0.0,1,0,0,0,0,0,1
423,424,0,0,0.35,0.028106928123558,0,0,1,0.2,1,0,0,0,0,0,1
424,425,0,1,0.225,0.0394521725484317,0,0,1,0.2,1,0,0,0,0,0,1
425,426,0,1,0.35,0.014151057562208,0,0,1,0.0,1,0,0,0,0,0,1
426,427,1,0,0.35,0.0507486202230909,0,1,0,0.1,1,0,0,0,0,0,1
427,428,1,0,0.2375,0.0507486202230909,0,1,0,0.0,1,0,0,0,0,0,1
428,429,0,1,0.35,0.0151269925664982,0,0,1,0.0,1,0,0,0,0,1,0
429,430,1,1,0.4,0.0157125535690723,0,0,1,0.0,1,0,0,0,0,0,1
430,431,1,1,0.35,0.0518221487278101,1,0,0,0.0,1,0,0,0,0,0,1
431,432,1,0,0.35,0.0314251071381447,0,0,1,0.1,1,0,0,0,0,0,1
432,433,1,0,0.525,0.0507486202230909,0,1,0,0.1,1,0,0,0,0,0,1
433,434,0,1,0.2125,0.0139070738111354,0,0,1,0.0,1,0,0,0,0,0,1
434,435,0,1,0.625,0.1091095334796455,1,0,0,0.1,1,0,0,0,0,0,1
435,436,1,0,0.175,0.2342244010296504,1,0,0,0.3,0,0,0,1,0,0,1
436,437,0,0,0.2625,0.0670955315449519,0,0,1,0.4,0,0,0,1,0,0,1
437,438,1,0,0.3,0.0365975626608828,0,1,0,0.5,1,0,0,0,0,0,1
438,439,0,1,0.8,0.5133418122566505,1,0,0,0.5,1,0,0,0,0,0,1
439,440,0,1,0.3875,0.0204946350900944,0,1,0,0.0,1,0,0,0,0,0,1
440,441,1,0,0.5625,0.051236587725236,0,1,0,0.2,1,0,0,0,0,0,1
441,442,0,1,0.25,0.0185427650815139,0,0,1,0.0,1,0,0,0,0,0,1
442,443,0,1,0.3125,0.0151757893167127,0,0,1,0.1,1,0,0,0,0,0,1
443,444,1,0,0.35,0.0253743101115454,0,1,0,0.0,0,1,0,0,0,0,1
444,445,1,1,0.35,0.0158345454446086,0,0,1,0.0,1,0,0,0,0,0,1
445,446,1,1,0.05,0.1597767607233786,1,0,0,0.2,0,0,1,0,0,0,1
446,447,1,0,0.1625,0.0380614651673182,0,1,0,0.1,0,0,0,1,0,0,1
447,448,1,1,0.425,0.0518221487278101,1,0,0,0.0,1,0,0,0,0,0,1
448,449,1,0,0.0625,0.0375896981862443,0,0,1,0.3,0,0,0,1,1,0,0
449,450,1,1,0.65,0.0595320352617028,1,0,0,0.0,1,0,0,0,0,0,1
450,451,0,1,0.45,0.0541643927381066,0,1,0,0.3,1,0,0,0,0,0,1
451,452,0,1,0.35,0.0389724029003226,0,0,1,0.1,1,0,0,0,0,0,1
452,453,0,1,0.375,0.0541643927381066,1,0,0,0.0,1,0,0,0,1,0,0
453,454,1,1,0.6125,0.1739198156185515,1,0,0,0.1,1,0,0,0,1,0,0
454,455,0,1,0.35,0.0157125535690723,0,0,1,0.0,1,0,0,0,0,0,1
455,456,1,1,0.3625,0.0154115752137492,0,0,1,0.0,1,0,0,0,1,0,0
456,457,0,1,0.8125,0.0518221487278101,1,0,0,0.0,1,0,0,0,0,0,1
457,458,1,0,0.35,0.101228858320002,1,0,0,0.1,1,0,0,0,0,0,1
458,459,1,0,0.625,0.0204946350900944,0,1,0,0.0,0,0,0,1,0,0,1
459,460,0,1,0.35,0.0151269925664982,0,0,1,0.0,1,0,0,0,0,1,0
460,461,1,1,0.6,0.0518221487278101,1,0,0,0.0,1,0,0,0,0,0,1
461,462,0,1,0.425,0.0157125535690723,0,0,1,0.0,1,0,0,0,0,0,1
462,463,0,1,0.5875,0.0751469953303461,1,0,0,0.0,1,0,0,0,0,0,1
463,464,0,1,0.6,0.0253743101115454,0,1,0,0.0,1,0,0,0,0,0,1
464,465,0,1,0.35,0.0157125535690723,0,0,1,0.0,1,0,0,0,0,0,1
465,466,0,1,0.475,0.0137606835604919,0,0,1,0.0,1,0,0,0,0,0,1
466,467,0,1,0.35,0.0,0,1,0,0.0,1,0,0,0,0,0,1
467,468,0,1,0.7,0.0518221487278101,1,0,0,0.0,1,0,0,0,0,0,1
468,469,0,1,0.35,0.0150781958162837,0,0,1,0.0,1,0,0,0,0,1,0
469,470,1,0,0.009375,0.0375896981862443,0,0,1,0.3,0,0,0,1,1,0,0
470,471,0,1,0.35,0.014151057562208,0,0,1,0.0,1,0,0,0,0,0,1
471,472,0,1,0.475,0.0169080739493278,0,0,1,0.0,1,0,0,0,0,0,1
472,473,1,0,0.4125,0.0541643927381066,0,1,0,0.3,1,0,0,0,0,0,1
473,474,1,0,0.2875,0.0269196055973385,0,1,0,0.0,1,0,0,0,1,0,0
474,475,0,0,0.275,0.0192015212094098,0,0,1,0.0,0,0,0,1,0,0,1
475,476,0,1,0.35,0.1014972404461818,1,0,0,0.0,1,0,0,0,0,0,1
476,477,0,1,0.425,0.0409892701801888,0,1,0,0.1,1,0,0,0,0,0,1
477,478,0,1,0.3625,0.0137524857064559,0,0,1,0.1,1,0,0,0,0,0,1
478,479,0,1,0.275,0.0146796239605316,0,0,1,0.0,1,0,0,0,0,0,1
479,480,1,0,0.025,0.0239836027304319,0,0,1,0.1,0,0,0,1,0,0,1
480,481,0,1,0.1125,0.0915427034024217,0,0,1,0.7,0,0,1,0,0,0,1
481,482,0,1,0.35,0.0,0,1,0,0.0,1,0,0,0,0,0,1
482,483,0,1,0.625,0.0157125535690723,0,0,1,0.0,1,0,0,0,0,0,1
483,484,1,0,0.7875,0.0187135537072647,0,0,1,0.0,1,0,0,0,0,0,1
484,485,1,1,0.3125,0.1777747588854978,1,0,0,0.1,1,0,0,0,1,0,0
485,486,0,0,0.35,0.0497076879475149,0,0,1,0.4,0,0,0,1,0,0,1
486,487,1,0,0.4375,0.1756683007722378,1,0,0,0.1,1,0,0,0,0,0,1
487,488,0,1,0.725,0.0579705392548384,1,0,0,0.0,1,0,0,0,1,0,0
488,489,0,1,0.375,0.0157125535690723,0,0,1,0.0,1,0,0,0,0,0,1
489,490,1,1,0.1125,0.0310347331364286,0,0,1,0.2,0,0,1,0,0,0,1
490,491,0,1,0.35,0.0389724029003226,0,0,1,0.1,1,0,0,0,0,0,1
491,492,0,1,0.2625,0.014151057562208,0,0,1,0.0,1,0,0,0,0,0,1
492,493,0,1,0.6875,0.0595320352617028,1,0,0,0.0,1,0,0,0,0,0,1
493,494,0,1,0.8875,0.0966257632787668,1,0,0,0.0,1,0,0,0,1,0,0
494,495,0,1,0.2625,0.0157125535690723,0,0,1,0.0,1,0,0,0,0,0,1
495,496,0,1,0.35,0.0282207221450582,0,0,1,0.0,1,0,0,0,1,0,0
496,497,1,0,0.675,0.1527664244005612,1,0,0,0.1,0,0,0,1,1,0,0
497,498,0,1,0.35,0.0294732371295643,0,0,1,0.0,1,0,0,0,0,0,1
498,499,0,0,0.3125,0.2958058998003627,1,0,0,0.3,1,0,0,0,0,0,1
499,500,0,1,0.3,0.0152163882128912,0,0,1,0.0,1,0,0,0,0,0,1
500,501,0,1,0.2125,0.0169080739493278,0,0,1,0.0,1,0,0,0,0,0,1
501,502,0,0,0.2625,0.0151269925664982,0,0,1,0.0,0,0,0,1,0,1,0
502,503,0,0,0.35,0.0148912066694617,0,0,1,0.0,0,0,0,1,0,1,0
503,504,0,0,0.4625,0.0187135537072647,0,0,1,0.0,0,0,0,1,0,0,1
504,505,1,0,0.2,0.1688367557422063,1,0,0,0.0,0,0,0,1,0,0,1
505,506,0,1,0.225,0.2125586439344078,1,0,0,0.1,1,0,0,0,1,0,0
506,507,1,0,0.4125,0.0507486202230909,0,1,0,0.2,1,0,0,0,0,0,1
507,508,1,1,0.35,0.0518221487278101,1,0,0,0.0,1,0,0,0,0,0,1
508,509,0,1,0.35,0.0439658719432739,0,0,1,0.0,1,0,0,0,0,0,1
509,510,1,1,0.325,0.1102724576307577,0,0,1,0.0,1,0,0,0,0,0,1
510,511,1,1,0.3625,0.0151269925664982,0,0,1,0.0,1,0,0,0,0,1,0
511,512,0,1,0.35,0.0157125535690723,0,0,1,0.0,1,0,0,0,0,0,1
512,513,1,1,0.45,0.0513097828505578,1,0,0,0.0,1,0,0,0,0,0,1
513,514,1,0,0.675,0.1159410785096769,1,0,0,0.1,1,0,0,0,1,0,0
514,515,0,1,0.3,0.0146308272103171,0,0,1,0.0,1,0,0,0,0,0,1
515,516,0,1,0.5875,0.0664041791879127,1,0,0,0.0,1,0,0,0,0,0,1
516,517,1,0,0.425,0.0204946350900944,0,1,0,0.0,1,0,0,0,0,0,1
517,518,0,1,0.35,0.0471376607072171,0,0,1,0.0,1,0,0,0,0,1,0
518,519,1,0,0.45,0.0507486202230909,0,1,0,0.1,1,0,0,0,0,0,1
519,520,0,1,0.4,0.0154115752137492,0,0,1,0.0,1,0,0,0,0,0,1
520,521,1,0,0.375,0.1824998458022693,1,0,0,0.0,0,0,0,1,0,0,1
521,522,0,1,0.275,0.0154115752137492,0,0,1,0.0,1,0,0,0,0,0,1
522,523,0,1,0.35,0.0141022608119935,0,0,1,0.0,1,0,0,0,1,0,0
523,524,1,0,0.55,0.1131678616014859,1,0,0,0.1,1,0,0,0,1,0,0
524,525,0,1,0.35,0.0141104586660295,0,0,1,0.0,1,0,0,0,1,0,0
525,526,0,1,0.50625,0.0151269925664982,0,0,1,0.0,1,0,0,0,0,1,0
526,527,1,0,0.625,0.0204946350900944,0,1,0,0.0,0,0,0,1,0,0,1
527,528,0,1,0.35,0.4328841690069588,1,0,0,0.0,1,0,0,0,0,0,1
528,529,0,1,0.4875,0.0154685698179998,0,0,1,0.0,1,0,0,0,0,0,1
529,530,0,1,0.2875,0.0224465050986748,0,1,0,0.3,1,0,0,0,0,0,1
530,531,1,0,0.025,0.0507486202230909,0,1,0,0.2,0,0,0,1,0,0,1
531,532,0,1,0.35,0.0141104586660295,0,0,1,0.0,1,0,0,0,1,0,0
532,533,0,1,0.2125,0.0141104586660295,0,0,1,0.2,1,0,0,0,1,0,0
533,534,1,0,0.35,0.0436404952128436,0,0,1,0.2,1,0,0,0,1,0,0
534,535,0,0,0.375,0.0169080739493278,0,0,1,0.0,0,0,0,1,0,0,1
535,536,1,0,0.0875,0.051236587725236,0,1,0,0.2,0,0,0,1,0,0,1
536,537,0,1,0.5625,0.0518221487278101,1,0,0,0.0,1,0,0,0,0,0,1
537,538,1,0,0.375,0.2077277656631712,1,0,0,0.0,0,0,0,1,1,0,0
538,539,0,1,0.35,0.028302115124416,0,0,1,0.0,1,0,0,0,0,0,1
539,540,1,0,0.275,0.0966175654247308,1,0,0,0.2,0,0,0,1,1,0,0
540,541,1,0,0.45,0.1385827706092098,1,0,0,0.2,0,0,0,1,0,0,1
541,542,0,0,0.1125,0.0610447345183526,0,0,1,0.6,0,0,0,1,0,0,1
542,543,0,0,0.1375,0.0610447345183526,0,0,1,0.6,0,0,0,1,0,0,1
543,544,1,1,0.4,0.0507486202230909,0,1,0,0.1,1,0,0,0,0,0,1
544,545,0,1,0.625,0.2077277656631712,1,0,0,0.1,1,0,0,0,1,0,0
545,546,0,1,0.8,0.0507486202230909,1,0,0,0.0,1,0,0,0,0,0,1
546,547,1,0,0.2375,0.0507486202230909,0,1,0,0.1,1,0,0,0,0,0,1
547,548,1,1,0.35,0.027057797993946,0,1,0,0.0,1,0,0,0,1,0,0
548,549,0,1,0.4125,0.0400621319261131,0,0,1,0.2,1,0,0,0,0,0,1
549,550,1,1,0.1,0.0717312228153304,0,1,0,0.2,0,0,1,0,0,0,1
550,551,1,1,0.2125,0.2164297877224253,1,0,0,0.2,1,0,0,0,1,0,0
551,552,0,1,0.3375,0.0507486202230909,0,1,0,0.0,1,0,0,0,0,0,1
552,553,0,1,0.35,0.0152815806711778,0,0,1,0.0,1,0,0,0,0,1,0
553,554,1,1,0.275,0.0141022608119935,0,0,1,0.0,1,0,0,0,1,0,0
554,555,1,0,0.275,0.0151757893167127,0,0,1,0.0,0,0,0,1,0,0,1
555,556,0,1,0.775,0.0518221487278101,1,0,0,0.0,1,0,0,0,0,0,1
556,557,1,0,0.6,0.0772940523397846,1,0,0,0.1,1,0,0,0,1,0,0
557,558,0,1,0.35,0.4440992237022602,1,0,0,0.0,1,0,0,0,1,0,0
558,559,1,0,0.4875,0.1554664461834305,1,0,0,0.2,1,0,0,0,0,0,1
559,560,1,0,0.45,0.0339625381492993,0,0,1,0.1,1,0,0,0,0,0,1
560,561,0,1,0.35,0.0151269925664982,0,0,1,0.0,1,0,0,0,0,1,0
561,562,0,1,0.5,0.0154115752137492,0,0,1,0.0,1,0,0,0,0,0,1
562,563,0,1,0.35,0.0263502451158356,0,1,0,0.0,1,0,0,0,0,0,1
563,564,0,1,0.35,0.0157125535690723,0,0,1,0.0,1,0,0,0,0,0,1
564,565,0,0,0.35,0.0157125535690723,0,0,1,0.0,0,0,0,1,0,0,1
565,566,0,1,0.3,0.0471376607072171,0,0,1,0.2,1,0,0,0,0,0,1
566,567,0,1,0.2375,0.0154115752137492,0,0,1,0.0,1,0,0,0,0,0,1
567,568,0,0,0.3625,0.0411356604308323,0,0,1,0.4,1,0,0,0,0,0,1
568,569,0,1,0.35,0.0141104586660295,0,0,1,0.0,1,0,0,0,1,0,0
569,570,1,1,0.4,0.0153303774213923,0,0,1,0.0,1,0,0,0,0,0,1
570,571,1,1,0.775,0.0204946350900944,0,1,0,0.0,1,0,0,0,0,0,1
571,572,1,0,0.6625,0.1004807065457131,1,0,0,0.2,1,0,0,0,0,0,1
572,573,1,1,0.45,0.0515049698514158,1,0,0,0.0,1,0,0,0,0,0,1
573,574,1,0,0.35,0.0151269925664982,0,0,1,0.0,0,0,0,1,0,1,0
574,575,0,1,0.2,0.0157125535690723,0,0,1,0.0,1,0,0,0,0,0,1
575,576,0,1,0.2375,0.028302115124416,0,0,1,0.0,1,0,0,0,0,0,1
576,577,1,0,0.425,0.0253743101115454,0,1,0,0.0,0,0,0,1,0,0,1
577,578,1,0,0.4875,0.1091095334796455,1,0,0,0.1,1,0,0,0,0,0,1
578,579,0,0,0.35,0.0282207221450582,0,0,1,0.1,1,0,0,0,1,0,0
579,580,1,1,0.4,0.0154685698179998,0,0,1,0.0,1,0,0,0,0,0,1
580,581,1,0,0.3125,0.0585561002574126,0,1,0,0.2,0,0,0,1,0,0,1
581,582,1,0,0.4875,0.2164297877224253,1,0,0,0.2,1,0,0,0,1,0,0
582,583,0,1,0.675,0.0507486202230909,0,1,0,0.0,1,0,0,0,0,0,1
583,584,0,1,0.45,0.0783187840942893,1,0,0,0.0,1,0,0,0,1,0,0
584,585,0,1,0.35,0.0170056674497569,0,0,1,0.0,1,0,0,0,1,0,0
585,586,1,0,0.225,0.1554664461834305,1,0,0,0.2,0,0,0,1,0,0,1
586,587,0,1,0.5875,0.0292780501287063,0,1,0,0.0,1,0,0,0,0,0,1
587,588,1,1,0.75,0.1545881046795693,1,0,0,0.2,1,0,0,0,1,0,0
588,589,0,1,0.275,0.0157125535690723,0,0,1,0.0,1,0,0,0,0,0,1
589,590,0,1,0.35,0.0157125535690723,0,0,1,0.0,1,0,0,0,0,0,1
590,591,0,1,0.4375,0.0139070738111354,0,0,1,0.0,1,0,0,0,0,0,1
591,592,1,0,0.65,0.1527664244005612,1,0,0,0.1,1,0,0,0,1,0,0
592,593,0,1,0.5875,0.014151057562208,0,0,1,0.0,1,0,0,0,0,0,1
593,594,0,0,0.35,0.0151269925664982,0,0,1,0.2,0,0,0,1,0,1,0
594,595,0,1,0.4625,0.0507486202230909,0,1,0,0.1,1,0,0,0,0,0,1
595,596,0,1,0.45,0.0471376607072171,0,0,1,0.2,1,0,0,0,0,0,1
596,597,1,0,0.35,0.0644117102831538,0,1,0,0.0,0,0,0,1,0,0,1
597,598,0,1,0.6125,0.0,0,0,1,0.0,1,0,0,0,0,0,1
598,599,0,1,0.35,0.0141022608119935,0,0,1,0.0,1,0,0,0,1,0,0
599,600,1,1,0.6125,0.1111183980924764,1,0,0,0.1,1,0,0,0,1,0,0
600,601,1,0,0.3,0.0527004902316713,0,1,0,0.3,1,0,0,0,0,0,1
601,602,0,1,0.35,0.0154115752137492,0,0,1,0.0,1,0,0,0,0,0,1
602,603,0,1,0.35,0.0827592883638098,1,0,0,0.0,1,0,0,0,0,0,1
603,604,0,1,0.55,0.0157125535690723,0,0,1,0.0,1,0,0,0,0,0,1
604,605,1,1,0.4375,0.0518221487278101,1,0,0,0.0,1,0,0,0,1,0,0
605,606,0,1,0.45,0.0303515786334255,0,0,1,0.1,1,0,0,0,0,0,1
606,607,0,1,0.375,0.0154115752137492,0,0,1,0.0,1,0,0,0,0,0,1
607,608,1,1,0.3375,0.0595320352617028,1,0,0,0.0,1,0,0,0,0,0,1
608,609,1,0,0.275,0.081157193460767,0,1,0,0.3,1,0,0,0,1,0,0
609,610,1,0,0.5,0.2995388511917728,1,0,0,0.0,0,0,0,1,0,0,1
610,611,0,0,0.4875,0.0610447345183526,0,0,1,0.6,1,0,0,0,0,0,1
611,612,0,1,0.35,0.0137606835604919,0,0,1,0.0,1,0,0,0,0,0,1
612,613,1,0,0.35,0.0302539851329965,0,0,1,0.1,0,0,0,1,0,1,0
613,614,0,1,0.35,0.0151269925664982,0,0,1,0.0,1,0,0,0,0,1,0
614,615,0,1,0.4375,0.0157125535690723,0,0,1,0.0,1,0,0,0,0,0,1
615,616,1,0,0.3,0.1268715505577273,0,1,0,0.3,0,0,0,1,0,0,1
616,617,0,1,0.425,0.028106928123558,0,0,1,0.2,1,0,0,0,0,0,1
617,618,0,0,0.325,0.0314251071381447,0,0,1,0.1,1,0,0,0,0,0,1
618,619,1,0,0.05,0.0761229303346364,0,1,0,0.3,0,0,0,1,0,0,1
619,620,0,1,0.325,0.0204946350900944,0,1,0,0.0,1,0,0,0,0,0,1
620,621,0,1,0.3375,0.0282127194780231,0,0,1,0.1,1,0,0,0,1,0,0
621,622,1,1,0.525,0.1025789668049371,1,0,0,0.1,1,0,0,0,0,0,1
622,623,1,1,0.25,0.0307257521140704,0,0,1,0.2,1,0,0,0,1,0,0
623,624,0,1,0.2625,0.0153303774213923,0,0,1,0.0,1,0,0,0,0,0,1
624,625,0,1,0.2625,0.0314251071381447,0,0,1,0.0,1,0,0,0,0,0,1
625,626,0,1,0.7625,0.063086000173326,1,0,0,0.0,1,0,0,0,0,0,1
626,627,0,1,0.7125,0.0241055946059681,0,1,0,0.0,1,0,0,0,0,1,0
627,628,1,0,0.2625,0.1521644676899149,1,0,0,0.0,0,0,0,1,0,0,1
628,629,0,1,0.325,0.0154115752137492,0,0,1,0.0,1,0,0,0,0,0,1
629,630,0,1,0.35,0.0150943963373549,0,0,1,0.0,1,0,0,0,0,1,0
630,631,1,1,1.0,0.0585561002574126,1,0,0,0.0,1,0,0,0,0,0,1
631,632,0,1,0.6375,0.013768881414528,0,0,1,0.0,1,0,0,0,0,0,1
632,633,1,1,0.4,0.0595320352617028,1,0,0,0.0,1,0,0,0,1,0,0
633,634,0,1,0.35,0.0,1,0,0,0.0,1,0,0,0,0,0,1
634,635,0,0,0.1125,0.0544571732393937,0,0,1,0.5,0,0,0,1,0,0,1
635,636,1,0,0.35,0.0253743101115454,0,1,0,0.0,0,0,0,1,0,0,1
636,637,0,1,0.4,0.0154685698179998,0,0,1,0.0,1,0,0,0,0,0,1
637,638,0,1,0.3875,0.051236587725236,0,1,0,0.2,1,0,0,0,0,0,1
638,639,0,0,0.5125,0.0774648409655354,0,0,1,0.5,1,0,0,0,0,0,1
639,640,0,1,0.35,0.0314251071381447,0,0,1,0.1,1,0,0,0,0,0,1
640,641,0,1,0.25,0.0153303774213923,0,0,1,0.0,1,0,0,0,0,0,1
641,642,1,0,0.3,0.1352645915946231,1,0,0,0.0,0,1,0,0,1,0,0
642,643,0,0,0.025,0.0544571732393937,0,0,1,0.5,0,0,0,1,0,0,1
643,644,1,1,0.35,0.1102724576307577,0,0,1,0.0,1,0,0,0,0,0,1
644,645,1,0,0.009375,0.0375896981862443,0,0,1,0.3,0,0,0,1,1,0,0
645,646,1,1,0.6,0.1497654242623688,1,0,0,0.1,1,0,0,0,1,0,0
646,647,0,1,0.2375,0.0154115752137492,0,0,1,0.0,1,0,0,0,0,0,1
647,648,1,1,0.7,0.0692913853046049,1,0,0,0.0,1,0,0,0,1,0,0
648,649,0,1,0.35,0.0147366185647821,0,0,1,0.0,1,0,0,0,0,0,1
649,650,1,0,0.2875,0.0147366185647821,0,0,1,0.0,0,0,0,1,0,0,1
650,651,0,1,0.35,0.0154115752137492,0,0,1,0.0,1,0,0,0,0,0,1
651,652,1,0,0.225,0.0448930101973496,0,1,0,0.1,0,0,0,1,0,0,1
652,653,0,1,0.2625,0.0164607053433612,0,0,1,0.0,1,0,0,0,0,0,1
653,654,1,0,0.35,0.0152815806711778,0,0,1,0.0,0,0,0,1,0,1,0
654,655,0,0,0.225,0.0131751225579178,0,0,1,0.0,0,0,0,1,0,1,0
655,656,0,1,0.3,0.1434624456306609,0,1,0,0.2,1,0,0,0,0,0,1
656,657,0,1,0.35,0.0154115752137492,0,0,1,0.0,1,0,0,0,0,0,1
657,658,0,0,0.4,0.0302539851329965,0,0,1,0.2,1,0,0,0,0,1,0
658,659,0,1,0.2875,0.0253743101115454,0,1,0,0.0,1,0,0,0,0,0,1
659,660,0,1,0.725,0.2210980752219471,1,0,0,0.2,1,0,0,0,1,0,0
660,661,1,1,0.625,0.2608674266467732,1,0,0,0.2,1,0,0,0,0,0,1
661,662,0,1,0.5,0.0141022608119935,0,0,1,0.0,1,0,0,0,1,0,0
662,663,0,1,0.5875,0.0499434738445515,1,0,0,0.0,1,0,0,0,0,0,1
663,664,0,1,0.45,0.0146308272103171,0,0,1,0.0,1,0,0,0,0,0,1
664,665,1,1,0.25,0.0154685698179998,0,0,1,0.1,1,0,0,0,0,0,1
665,666,0,1,0.4,0.1434624456306609,0,1,0,0.2,1,0,0,0,0,0,1
666,667,0,1,0.3125,0.0253743101115454,0,1,0,0.0,1,0,0,0,0,0,1
667,668,0,1,0.35,0.0151757893167127,0,0,1,0.0,1,0,0,0,0,0,1
668,669,0,1,0.5375,0.0157125535690723,0,0,1,0.0,1,0,0,0,0,0,1
669,670,1,0,0.35,0.1014972404461818,1,0,0,0.1,1,0,0,0,0,0,1
670,671,1,0,0.5,0.0761229303346364,0,1,0,0.2,1,0,0,0,0,0,1
671,672,0,1,0.3875,0.1014972404461818,1,0,0,0.1,1,0,0,0,0,0,1
672,673,0,1,0.875,0.0204946350900944,0,1,0,0.0,1,0,0,0,0,0,1
673,674,1,1,0.3875,0.0253743101115454,0,1,0,0.0,1,0,0,0,0,0,1
674,675,0,1,0.35,0.0,0,1,0,0.0,1,0,0,0,0,0,1
675,676,0,1,0.225,0.0151757893167127,0,0,1,0.0,1,0,0,0,0,0,1
676,677,0,1,0.30625,0.0157125535690723,0,0,1,0.0,1,0,0,0,0,0,1
677,678,1,0,0.225,0.0192097190634459,0,0,1,0.0,0,0,0,1,0,0,1
678,679,0,0,0.5375,0.0915427034024217,0,0,1,0.7,1,0,0,0,0,0,1
679,680,1,1,0.45,1.0,1,0,0,0.1,1,0,0,0,1,0,0
680,681,0,0,0.35,0.0158833421948231,0,0,1,0.0,0,0,0,1,0,1,0
681,682,1,1,0.3375,0.1497654242623688,1,0,0,0.0,1,0,0,0,1,0,0
682,683,0,1,0.25,0.0180060008291543,0,0,1,0.0,1,0,0,0,0,0,1
683,684,0,1,0.175,0.0915427034024217,0,0,1,0.7,1,0,0,0,0,0,1
684,685,0,1,0.75,0.0761229303346364,0,1,0,0.2,1,0,0,0,0,0,1
685,686,0,1,0.3125,0.081157193460767,0,1,0,0.3,1,0,0,0,1,0,0
686,687,0,1,0.175,0.0774648409655354,0,0,1,0.5,1,0,0,0,0,0,1
687,688,0,1,0.2375,0.0198520794832697,0,0,1,0.0,1,0,0,0,0,0,1
688,689,0,1,0.225,0.0152163882128912,0,0,1,0.0,1,0,0,0,0,0,1
689,690,1,0,0.1875,0.4125033279383646,1,0,0,0.1,0,0,0,1,0,0,1
690,691,1,1,0.3875,0.1112565904890839,1,0,0,0.1,1,0,0,0,0,0,1
691,692,1,0,0.05,0.0261876543441209,0,0,1,0.1,0,0,0,1,1,0,0
692,693,1,1,0.35,0.1102724576307577,0,0,1,0.0,1,0,0,0,0,0,1
693,694,0,1,0.3125,0.0141022608119935,0,0,1,0.0,1,0,0,0,1,0,0
694,695,0,1,0.75,0.0518221487278101,1,0,0,0.0,1,0,0,0,0,0,1
695,696,0,1,0.65,0.0263502451158356,0,1,0,0.0,1,0,0,0,0,0,1
696,697,0,1,0.55,0.0157125535690723,0,0,1,0.0,1,0,0,0,0,0,1
697,698,1,0,0.35,0.0150943963373549,0,0,1,0.0,0,0,0,1,0,1,0
698,699,0,1,0.6125,0.2164297877224253,1,0,0,0.2,1,0,0,0,1,0,0
699,700,0,1,0.525,0.0149318055656402,0,0,1,0.0,1,0,0,0,0,0,1
700,701,1,0,0.225,0.4440992237022602,1,0,0,0.1,1,0,0,0,1,0,0
701,702,1,1,0.4375,0.0513097828505578,1,0,0,0.0,1,0,0,0,0,0,1
702,703,0,0,0.225,0.0282127194780231,0,0,1,0.1,0,0,0,1,1,0,0
703,704,0,1,0.3125,0.015110792045427,0,0,1,0.0,1,0,0,0,0,1,0
704,705,0,1,0.325,0.0153303774213923,0,0,1,0.1,1,0,0,0,0,0,1
705,706,0,1,0.4875,0.0507486202230909,0,1,0,0.0,1,0,0,0,0,0,1
706,707,1,0,0.5625,0.0263502451158356,0,1,0,0.0,1,0,0,0,0,0,1
707,708,1,1,0.525,0.0513097828505578,1,0,0,0.0,1,0,0,0,0,0,1
708,709,1,0,0.275,0.2958058998003627,1,0,0,0.0,0,0,0,1,0,0,1
709,710,1,1,0.35,0.0297578197768153,0,0,1,0.2,0,0,1,0,1,0,0
710,711,1,0,0.3,0.0966257632787668,1,0,0,0.0,1,0,0,0,1,0,0
711,712,0,1,0.35,0.0518221487278101,1,0,0,0.0,1,0,0,0,0,0,1
712,713,1,1,0.6,0.1014972404461818,1,0,0,0.1,1,0,0,0,0,0,1
713,714,0,1,0.3625,0.0185101688523707,0,0,1,0.0,1,0,0,0,0,0,1
714,715,0,1,0.65,0.0253743101115454,0,1,0,0.0,1,0,0,0,0,0,1
715,716,0,1,0.2375,0.0149318055656402,0,0,1,0.0,1,0,0,0,0,0,1
716,717,1,0,0.475,0.4440992237022602,1,0,0,0.0,0,0,0,1,1,0,0
717,718,1,0,0.3375,0.0204946350900944,0,1,0,0.0,0,0,0,1,0,0,1
718,719,0,1,0.35,0.0302539851329965,0,0,1,0.0,1,0,0,0,0,1,0
719,720,0,1,0.4125,0.0151757893167127,0,0,1,0.0,1,0,0,0,0,0,1
720,721,1,0,0.075,0.0644117102831538,0,1,0,0.1,0,0,0,1,0,0,1
721,722,0,1,0.2125,0.013768881414528,0,0,1,0.1,1,0,0,0,0,0,1
722,723,0,1,0.425,0.0253743101115454,0,1,0,0.0,1,0,0,0,0,0,1
723,724,0,1,0.625,0.0253743101115454,0,1,0,0.0,1,0,0,0,0,0,1
724,725,1,1,0.3375,0.1036442974556203,1,0,0,0.1,1,0,0,0,0,0,1
725,726,0,1,0.25,0.0169080739493278,0,0,1,0.0,1,0,0,0,0,0,1
726,727,1,0,0.375,0.0409892701801888,0,1,0,0.3,1,0,0,0,0,0,1
727,728,1,0,0.35,0.015102594191391,0,0,1,0.0,0,0,0,1,0,1,0
728,729,0,1,0.3125,0.0507486202230909,0,1,0,0.1,1,0,0,0,0,0,1
729,730,0,0,0.3125,0.0154685698179998,0,0,1,0.1,0,0,0,1,0,0,1
730,731,1,0,0.3625,0.4125033279383646,1,0,0,0.0,0,0,0,1,0,0,1
731,732,0,1,0.1375,0.0366707577862046,0,0,1,0.0,1,0,0,0,1,0,0
732,733,0,1,0.35,0.0,0,1,0,0.0,1,0,0,0,0,0,1
733,734,0,1,0.2875,0.0253743101115454,0,1,0,0.0,1,0,0,0,0,0,1
734,735,0,1,0.2875,0.0253743101115454,0,1,0,0.0,1,0,0,0,0,0,1
735,736,0,1,0.35625,0.0314251071381447,0,0,1,0.0,1,0,0,0,0,0,1
736,737,0,0,0.6,0.0670955315449519,0,0,1,0.4,1,0,0,0,0,0,1
737,738,1,1,0.4375,1.0,1,0,0,0.0,1,0,0,0,1,0,0
738,739,0,1,0.35,0.0154115752137492,0,0,1,0.0,1,0,0,0,0,0,1
739,740,0,1,0.35,0.0154115752137492,0,0,1,0.0,1,0,0,0,0,0,1
740,741,1,1,0.35,0.0585561002574126,1,0,0,0.0,1,0,0,0,0,0,1
741,742,0,1,0.45,0.1539049501765661,1,0,0,0.1,1,0,0,0,0,0,1
742,743,1,0,0.2625,0.5121218935012878,1,0,0,0.4,0,0,0,1,1,0,0
743,744,0,1,0.3,0.0314251071381447,0,0,1,0.1,1,0,0,0,0,0,1
744,745,1,1,0.3875,0.0154685698179998,0,0,1,0.0,1,0,0,0,0,0,1
745,746,0,1,0.875,0.1385827706092098,1,0,0,0.2,1,0,0,0,0,0,1
746,747,0,1,0.2,0.0395253676737535,0,0,1,0.2,1,0,0,0,0,0,1
747,748,1,0,0.375,0.0253743101115454,0,1,0,0.0,0,0,0,1,0,0,1
748,749,0,1,0.2375,0.1036442974556203,1,0,0,0.1,1,0,0,0,0,0,1
749,750,0,1,0.3875,0.0151269925664982,0,0,1,0.0,1,0,0,0,0,1,0
750,751,1,0,0.05,0.0448930101973496,0,1,0,0.2,0,0,0,1,0,0,1
751,752,1,1,0.075,0.0243495783570407,0,0,1,0.1,0,0,1,0,0,0,1
752,753,0,1,0.4125,0.0185427650815139,0,0,1,0.0,1,0,0,0,0,0,1
753,754,0,1,0.2875,0.0154115752137492,0,0,1,0.0,1,0,0,0,0,0,1
754,755,1,0,0.6,0.1268715505577273,0,1,0,0.3,1,0,0,0,0,0,1
755,756,1,1,0.008375,0.028302115124416,0,1,0,0.2,0,0,1,0,0,0,1
756,757,0,1,0.35,0.0152163882128912,0,0,1,0.0,1,0,0,0,0,0,1
757,758,0,1,0.225,0.0224465050986748,0,1,0,0.0,1,0,0,0,0,0,1
758,759,0,1,0.425,0.0157125535690723,0,0,1,0.0,1,0,0,0,0,0,1
759,760,1,0,0.4125,0.1688367557422063,1,0,0,0.0,0,1,0,0,0,0,1
760,761,0,1,0.35,0.028302115124416,0,0,1,0.0,1,0,0,0,0,0,1
761,762,0,1,0.5125,0.0139070738111354,0,0,1,0.0,1,0,0,0,0,0,1
762,763,1,1,0.25,0.0141104586660295,0,0,1,0.0,1,0,0,0,1,0,0
763,764,1,0,0.45,0.2342244010296504,1,0,0,0.3,1,0,0,0,0,0,1
764,765,0,1,0.2,0.0151757893167127,0,0,1,0.0,1,0,0,0,0,0,1
765,766,1,0,0.6375,0.1521644676899149,1,0,0,0.1,1,0,0,0,0,0,1
766,767,0,1,0.35,0.0772940523397846,1,0,0,0.0,1,0,0,0,1,0,0
767,768,0,0,0.38125,0.0151269925664982,0,0,1,0.0,0,0,0,1,0,1,0
768,769,0,1,0.35,0.0471376607072171,0,0,1,0.1,1,0,0,0,0,1,0
769,770,0,1,0.4,0.0163225129467537,0,0,1,0.0,1,0,0,0,0,0,1
770,771,0,1,0.3,0.0185427650815139,0,0,1,0.0,1,0,0,0,0,0,1
771,772,0,1,0.6,0.0153303774213923,0,0,1,0.0,1,0,0,0,0,0,1
772,773,0,0,0.7125,0.0204946350900944,0,1,0,0.0,1,0,0,0,0,0,1
773,774,0,1,0.35,0.0141022608119935,0,0,1,0.0,1,0,0,0,1,0,0
774,775,1,0,0.675,0.0448930101973496,0,1,0,0.4,1,0,0,0,0,0,1
775,776,0,1,0.225,0.0151269925664982,0,0,1,0.0,1,0,0,0,0,0,1
776,777,0,1,0.35,0.0151269925664982,0,0,1,0.0,1,0,0,0,0,1,0
777,778,1,0,0.0625,0.0243495783570407,0,0,1,0.0,0,0,0,1,0,0,1
778,779,0,1,0.35,0.015102594191391,0,0,1,0.0,1,0,0,0,0,1,0
779,780,1,0,0.5375,0.4125033279383646,1,0,0,0.1,1,0,0,0,0,0,1
780,781,1,0,0.1625,0.0141104586660295,0,0,1,0.0,0,0,0,1,1,0,0
781,782,1,0,0.2125,0.1112565904890839,1,0,0,0.1,1,0,0,0,0,0,1
782,783,0,1,0.3625,0.0585561002574126,1,0,0,0.0,1,0,0,0,0,0,1
783,784,0,1,0.35,0.0457713517012108,0,0,1,0.3,1,0,0,0,0,0,1
784,785,0,1,0.3125,0.0137606835604919,0,0,1,0.0,1,0,0,0,0,0,1
785,786,0,1,0.3125,0.014151057562208,0,0,1,0.0,1,0,0,0,0,0,1
786,787,1,0,0.225,0.0146308272103171,0,0,1,0.0,0,0,0,1,0,0,1
787,788,0,1,0.1,0.0568482139999047,0,0,1,0.5,0,0,1,0,0,1,0
788,789,1,1,0.0125,0.0401597254265421,0,0,1,0.3,0,0,1,0,0,0,1
789,790,0,1,0.575,0.1545881046795693,1,0,0,0.0,1,0,0,0,1,0,0
790,791,0,1,0.35,0.0151269925664982,0,0,1,0.0,1,0,0,0,0,1,0
791,792,0,1,0.2,0.0507486202230909,0,1,0,0.0,1,0,0,0,0,0,1
